mean_satisfaction_rate,mean_runtime_seconds,full_satisfaction_success_rate,mean_unsatisfied_clauses,run_count,full_satisfaction_count,worst_runtime_seconds,worst_satisfaction_rate,algorithm_name,n,ratio
1.0,0.6657985000638291,1.0,0.0,1,1,0.6657985000638291,1.0,Simulated Annealing (Baseline),100,3.0
0.9976744186046511,1.417584899929352,0.0,1.0,1,0,1.417584899929352,0.9976744186046511,Simulated Annealing (Baseline),100,4.3
0.9816666666666667,1.6600771000375971,0.0,11.0,1,0,1.6600771000375971,0.9816666666666667,Simulated Annealing (Baseline),100,6.0
0.975,2.2700677999528125,0.0,20.0,1,0,2.2700677999528125,0.975,Simulated Annealing (Baseline),100,8.0
0.968,2.8138008000096306,0.0,32.0,1,0,2.8138008000096306,0.968,Simulated Annealing (Baseline),100,10.0
0.9955555555555555,1.2922162000322714,0.0,2.0,1,0,1.2922162000322714,0.9955555555555555,Simulated Annealing (Baseline),150,3.0
0.9906976744186047,1.8818302999716252,0.0,6.0,1,0,1.8818302999716252,0.9906976744186047,Simulated Annealing (Baseline),150,4.3
0.98,2.635474200011231,0.0,18.0,1,0,2.635474200011231,0.98,Simulated Annealing (Baseline),150,6.0
0.9733333333333334,3.6534166999626905,0.0,32.0,1,0,3.6534166999626905,0.9733333333333334,Simulated Annealing (Baseline),150,8.0
0.9693333333333334,4.46987489995081,0.0,46.0,1,0,4.46987489995081,0.9693333333333334,Simulated Annealing (Baseline),150,10.0
0.9983333333333333,1.8086765999905765,0.0,1.0,1,0,1.8086765999905765,0.9983333333333333,Simulated Annealing (Baseline),200,3.0
0.9941860465116279,2.8043448999524117,0.0,5.0,1,0,2.8043448999524117,0.9941860465116279,Simulated Annealing (Baseline),200,4.3
0.9816666666666667,4.194280500058085,0.0,22.0,1,0,4.194280500058085,0.9816666666666667,Simulated Annealing (Baseline),200,6.0
0.9675,5.711067800060846,0.0,52.0,1,0,5.711067800060846,0.9675,Simulated Annealing (Baseline),200,8.0
0.956,7.23738070006948,0.0,88.0,1,0,7.23738070006948,0.956,Simulated Annealing (Baseline),200,10.0
0.9977777777777778,3.610523800016381,0.0,2.0,1,0,3.610523800016381,0.9977777777777778,Simulated Annealing (Baseline),300,3.0
0.9914728682170543,4.695352500071749,0.0,11.0,1,0,4.695352500071749,0.9914728682170543,Simulated Annealing (Baseline),300,4.3
0.9794444444444445,6.949243500013836,0.0,37.0,1,0,6.949243500013836,0.9794444444444445,Simulated Annealing (Baseline),300,6.0
0.9658333333333333,8.937347800005227,0.0,82.0,1,0,8.937347800005227,0.9658333333333333,Simulated Annealing (Baseline),300,8.0
0.963,11.398327699978836,0.0,111.0,1,0,11.398327699978836,0.963,Simulated Annealing (Baseline),300,10.0
0.9908333333333333,4.26059229997918,0.0,11.0,1,0,4.26059229997918,0.9908333333333333,Simulated Annealing (Baseline),400,3.0
0.9848837209302326,6.260839199996553,0.0,26.0,1,0,6.260839199996553,0.9848837209302326,Simulated Annealing (Baseline),400,4.3
0.9766666666666667,8.522449199925177,0.0,56.0,1,0,8.522449199925177,0.9766666666666667,Simulated Annealing (Baseline),400,6.0
0.9665625,11.235418200027198,0.0,107.0,1,0,11.235418200027198,0.9665625,Simulated Annealing (Baseline),400,8.0
0.95775,14.905266399960965,0.0,169.0,1,0,14.905266399960965,0.95775,Simulated Annealing (Baseline),400,10.0
0.9926666666666667,10.368598600034602,0.0,11.0,1,0,10.368598600034602,0.9926666666666667,Simulated Annealing (Baseline),500,3.0
0.9851162790697674,15.095096800010651,0.0,32.0,1,0,15.095096800010651,0.9851162790697674,Simulated Annealing (Baseline),500,4.3
0.9713333333333334,21.937440900015645,0.0,86.0,1,0,21.937440900015645,0.9713333333333334,Simulated Annealing (Baseline),500,6.0
0.962,30.020295900059864,0.0,152.0,1,0,30.020295900059864,0.962,Simulated Annealing (Baseline),500,8.0
0.9564,19.910483099985868,0.0,218.0,1,0,19.910483099985868,0.9564,Simulated Annealing (Baseline),500,10.0
0.9885714285714285,10.966618799953721,0.0,24.0,1,0,10.966618799953721,0.9885714285714285,Simulated Annealing (Baseline),700,3.0
0.9787375415282392,14.039016800001264,0.0,64.0,1,0,14.039016800001264,0.9787375415282392,Simulated Annealing (Baseline),700,4.3
0.9673809523809523,18.90770350000821,0.0,137.0,1,0,18.90770350000821,0.9673809523809523,Simulated Annealing (Baseline),700,6.0
0.96125,27.340888599981554,0.0,217.0,1,0,27.340888599981554,0.96125,Simulated Annealing (Baseline),700,8.0
0.9471428571428572,26.395296999951825,0.0,370.0,1,0,26.395296999951825,0.9471428571428572,Simulated Annealing (Baseline),700,10.0
0.9816666666666667,10.064665799960494,0.0,55.0,1,0,10.064665799960494,0.9816666666666667,Simulated Annealing (Baseline),1000,3.0
0.9704651162790697,15.718811099999584,0.0,127.0,1,0,15.718811099999584,0.9704651162790697,Simulated Annealing (Baseline),1000,4.3
0.9631666666666666,20.428571399999782,0.0,221.0,1,0,20.428571399999782,0.9631666666666666,Simulated Annealing (Baseline),1000,6.0
0.950625,29.683941600029357,0.0,395.0,1,0,29.683941600029357,0.950625,Simulated Annealing (Baseline),1000,8.0
0.9462,35.612300899927504,0.0,538.0,1,0,35.612300899927504,0.9462,Simulated Annealing (Baseline),1000,10.0
1.0,0.016039000009186566,1.0,0.0,1,1,0.016039000009186566,1.0,Simulated Annealing (Enhanced),100,3.0
0.9976744186046511,0.38558340002782643,0.0,1.0,1,0,0.38558340002782643,0.9976744186046511,Simulated Annealing (Enhanced),100,4.3
0.9816666666666667,0.7211315999738872,0.0,11.0,1,0,0.7211315999738872,0.9816666666666667,Simulated Annealing (Enhanced),100,6.0
0.97625,0.7598183999070898,0.0,19.0,1,0,0.7598183999070898,0.97625,Simulated Annealing (Enhanced),100,8.0
0.969,0.9970126999542117,0.0,31.0,1,0,0.9970126999542117,0.969,Simulated Annealing (Enhanced),100,10.0
1.0,0.024309100001119077,1.0,0.0,1,1,0.024309100001119077,1.0,Simulated Annealing (Enhanced),150,3.0
0.9922480620155039,0.7956575000425801,0.0,5.0,1,0,0.7956575000425801,0.9922480620155039,Simulated Annealing (Enhanced),150,4.3
0.9866666666666667,1.0766929000383243,0.0,12.0,1,0,1.0766929000383243,0.9866666666666667,Simulated Annealing (Enhanced),150,6.0
0.9758333333333333,1.1990818999474868,0.0,29.0,1,0,1.1990818999474868,0.9758333333333333,Simulated Annealing (Enhanced),150,8.0
0.9693333333333334,1.543414800078608,0.0,46.0,1,0,1.543414800078608,0.9693333333333334,Simulated Annealing (Enhanced),150,10.0
1.0,0.09803420002572238,1.0,0.0,1,1,0.09803420002572238,1.0,Simulated Annealing (Enhanced),200,3.0
0.9965116279069768,1.359327399986796,0.0,3.0,1,0,1.359327399986796,0.9965116279069768,Simulated Annealing (Enhanced),200,4.3
0.9833333333333333,1.4976346000330523,0.0,20.0,1,0,1.4976346000330523,0.9833333333333333,Simulated Annealing (Enhanced),200,6.0
0.975,2.048573000007309,0.0,40.0,1,0,2.048573000007309,0.975,Simulated Annealing (Enhanced),200,8.0
0.9605,2.5536878999555483,0.0,79.0,1,0,2.5536878999555483,0.9605,Simulated Annealing (Enhanced),200,10.0
0.9988888888888889,0.959315299987793,0.0,1.0,1,0,0.959315299987793,0.9988888888888889,Simulated Annealing (Enhanced),300,3.0
0.9968992248062015,1.4407313000410795,0.0,4.0,1,0,1.4407313000410795,0.9968992248062015,Simulated Annealing (Enhanced),300,4.3
0.9861111111111112,2.961859100032598,0.0,25.0,1,0,2.961859100032598,0.9861111111111112,Simulated Annealing (Enhanced),300,6.0
0.9741666666666666,3.1046825000084937,0.0,62.0,1,0,3.1046825000084937,0.9741666666666666,Simulated Annealing (Enhanced),300,8.0
0.9646666666666667,3.8628417999716476,0.0,106.0,1,0,3.8628417999716476,0.9646666666666667,Simulated Annealing (Enhanced),300,10.0
1.0,0.13578699994832277,1.0,0.0,1,1,0.13578699994832277,1.0,Simulated Annealing (Enhanced),400,3.0
0.9953488372093023,2.4279686000663787,0.0,8.0,1,0,2.4279686000663787,0.9953488372093023,Simulated Annealing (Enhanced),400,4.3
0.9854166666666667,3.580614000093192,0.0,35.0,1,0,3.580614000093192,0.9854166666666667,Simulated Annealing (Enhanced),400,6.0
0.978125,3.9337714000139385,0.0,70.0,1,0,3.9337714000139385,0.978125,Simulated Annealing (Enhanced),400,8.0
0.96475,8.119656099937856,0.0,141.0,1,0,8.119656099937856,0.96475,Simulated Annealing (Enhanced),400,10.0
1.0,2.3247953000245616,1.0,0.0,1,1,2.3247953000245616,1.0,Simulated Annealing (Enhanced),500,3.0
0.9944186046511628,5.491300100111403,0.0,12.0,1,0,5.491300100111403,0.9944186046511628,Simulated Annealing (Enhanced),500,4.3
0.983,10.498318099998869,0.0,51.0,1,0,10.498318099998869,0.983,Simulated Annealing (Enhanced),500,6.0
0.9735,11.912767800036818,0.0,106.0,1,0,11.912767800036818,0.9735,Simulated Annealing (Enhanced),500,8.0
0.9674,11.382451999932528,0.0,163.0,1,0,11.382451999932528,0.9674,Simulated Annealing (Enhanced),500,10.0
0.9985714285714286,2.848584600025788,0.0,3.0,1,0,2.848584600025788,0.9985714285714286,Simulated Annealing (Enhanced),700,3.0
0.9953488372093023,6.616161399986595,0.0,14.0,1,0,6.616161399986595,0.9953488372093023,Simulated Annealing (Enhanced),700,4.3
0.9861904761904762,10.056143200024962,0.0,58.0,1,0,10.056143200024962,0.9861904761904762,Simulated Annealing (Enhanced),700,6.0
0.9746428571428571,7.527604700066149,0.0,142.0,1,0,7.527604700066149,0.9746428571428571,Simulated Annealing (Enhanced),700,8.0
0.9665714285714285,9.952858099946752,0.0,234.0,1,0,9.952858099946752,0.9665714285714285,Simulated Annealing (Enhanced),700,10.0
0.999,3.185317400027998,0.0,3.0,1,0,3.185317400027998,0.999,Simulated Annealing (Enhanced),1000,3.0
0.9948837209302326,7.9826920999912545,0.0,22.0,1,0,7.9826920999912545,0.9948837209302326,Simulated Annealing (Enhanced),1000,4.3
0.986,12.129464800003916,0.0,84.0,1,0,12.129464800003916,0.986,Simulated Annealing (Enhanced),1000,6.0
0.975,11.436909000040032,0.0,200.0,1,0,11.436909000040032,0.975,Simulated Annealing (Enhanced),1000,8.0
0.9659,14.865014599985443,0.0,341.0,1,0,14.865014599985443,0.9659,Simulated Annealing (Enhanced),1000,10.0
